Name,Address,Rent,URL
(仮称)下馬６丁目メゾン,東京都世田谷区下馬６,30.5万円,https://suumo.jp/chintai/jnc_000102212954/?bc=100481008951
(仮称)下馬６丁目メゾン,東京都世田谷区下馬６,32万円,https://suumo.jp/chintai/jnc_000102217444/?bc=100481009044
(仮称)下馬６丁目メゾン,東京都世田谷区下馬６,37.1万円,https://suumo.jp/chintai/jnc_000102212955/?bc=100481008945
(仮称)下馬６丁目メゾン,東京都世田谷区下馬６,38.6万円,https://suumo.jp/chintai/jnc_000102212956/?bc=100481008950
(仮称)下馬６丁目メゾン,東京都世田谷区下馬６,39.5万円,https://suumo.jp/chintai/jnc_000102217445/?bc=100481009019
(仮称)下馬６丁目メゾン,東京都世田谷区下馬６,45.6万円,https://suumo.jp/chintai/jnc_000102217443/?bc=100481008952
東急東横線 学芸大学駅 3階建 新築,東京都世田谷区下馬６,30.5万円,https://suumo.jp/chintai/jnc_000102232329/?bc=100481009785
東急東横線 学芸大学駅 3階建 新築,東京都世田谷区下馬６,32万円,https://suumo.jp/chintai/jnc_000102232333/?bc=100481009942
東急東横線 学芸大学駅 3階建 新築,東京都世田谷区下馬６,37.1万円,https://suumo.jp/chintai/jnc_000102232330/?bc=100481009789
東急東横線 学芸大学駅 3階建 新築,東京都世田谷区下馬６,38.6万円,https://suumo.jp/chintai/jnc_000102232331/?bc=100481009782
東急東横線 学芸大学駅 3階建 新築,東京都世田谷区下馬６,39.5万円,https://suumo.jp/chintai/jnc_000102232334/?bc=100481010091
東急東横線 学芸大学駅 3階建 新築,東京都世田谷区下馬６,45.6万円,https://suumo.jp/chintai/jnc_000102232332/?bc=100481009858
小田急線 下北沢駅 2階建 築21年,東京都世田谷区代沢４,8.5万円,https://suumo.jp/chintai/jnc_000087184594/?bc=100481236783
小田急線 下北沢駅 2階建 築21年,東京都世田谷区代沢４,8.5万円,https://suumo.jp/chintai/jnc_000103864567/?bc=100481211293
東急大井町線 等々力駅 地下1地上2階建 築24年,東京都世田谷区野毛１,55万円,https://suumo.jp/chintai/jnc_000103182903/?bc=100421765755
東急田園都市線 池尻大橋駅 3階建 新築,東京都世田谷区池尻３,20.2万円,https://suumo.jp/chintai/jnc_000102843070/?bc=100481011179
東急田園都市線 池尻大橋駅 3階建 新築,東京都世田谷区池尻３,29.2万円,https://suumo.jp/chintai/jnc_000102843071/?bc=100481011177
東急田園都市線 池尻大橋駅 3階建 新築,東京都世田谷区池尻３,30.1万円,https://suumo.jp/chintai/jnc_000102843073/?bc=100481011047
東急田園都市線 池尻大橋駅 3階建 新築,東京都世田谷区池尻３,30.9万円,https://suumo.jp/chintai/jnc_000102843075/?bc=100481011049
東急田園都市線 池尻大橋駅 3階建 新築,東京都世田谷区池尻３,30.9万円,https://suumo.jp/chintai/jnc_000102843074/?bc=100481011048
東急田園都市線 池尻大橋駅 3階建 新築,東京都世田谷区池尻３,38.9万円,https://suumo.jp/chintai/jnc_000102843072/?bc=100481011172
カーサドマーニ,東京都世田谷区池尻３,20.2万円,https://suumo.jp/chintai/jnc_000102837011/?bc=100481011802
カーサドマーニ,東京都世田谷区池尻３,29.2万円,https://suumo.jp/chintai/jnc_000102837012/?bc=100481011804
カーサドマーニ,東京都世田谷区池尻３,30.1万円,https://suumo.jp/chintai/jnc_000102843067/?bc=100481011775
カーサドマーニ,東京都世田谷区池尻３,30.9万円,https://suumo.jp/chintai/jnc_000102843069/?bc=100481011779
カーサドマーニ,東京都世田谷区池尻３,30.9万円,https://suumo.jp/chintai/jnc_000102843068/?bc=100481011781
カーサドマーニ,東京都世田谷区池尻３,38.9万円,https://suumo.jp/chintai/jnc_000102843066/?bc=100481011797
（仮称）経堂2丁目ヘーベルハウス,東京都世田谷区経堂２,40万円,https://suumo.jp/chintai/jnc_000103505986/?bc=100477353254
小田急線 経堂駅 地上2階建 新築,東京都世田谷区経堂２,40万円,https://suumo.jp/chintai/jnc_000103505987/?bc=100478054145
東急大井町線 等々力駅 3階建 築24年,東京都世田谷区中町１,21万円,https://suumo.jp/chintai/jnc_000103424429/?bc=100478982330
東急大井町線 等々力駅 3階建 築24年,東京都世田谷区中町１,21.4万円,https://suumo.jp/chintai/jnc_000103873662/?bc=100481273278
ラヴィーン等々力,東京都世田谷区中町１,21万円,https://suumo.jp/chintai/jnc_000103410132/?bc=100477301365
ラヴィーン等々力,東京都世田谷区中町１,21.4万円,https://suumo.jp/chintai/jnc_000103873661/?bc=100481273349
小田急線 祖師ヶ谷大蔵駅 6階建 築8年,東京都世田谷区砧５,29.5万円,https://suumo.jp/chintai/jnc_000101953207/?bc=100466377272
小田急線 祖師ヶ谷大蔵駅 6階建 築8年,東京都世田谷区砧５,32.9万円,https://suumo.jp/chintai/jnc_000103625842/?bc=100479180619
ｔｒｉａｓ１９２,東京都世田谷区北烏山１,21.7万円,https://suumo.jp/chintai/jnc_000103144091/?bc=100475518591
東急世田谷線 松陰神社前駅 5階建 新築,東京都世田谷区世田谷１,18万円,https://suumo.jp/chintai/jnc_000103798432/?bc=100481068760
東急世田谷線 松陰神社前駅 5階建 新築,東京都世田谷区世田谷１,24.5万円,https://suumo.jp/chintai/jnc_000103798423/?bc=100481068787
東急世田谷線 松陰神社前駅 5階建 新築,東京都世田谷区世田谷１,24.7万円,https://suumo.jp/chintai/jnc_000103798426/?bc=100481068775
東急世田谷線 松陰神社前駅 5階建 新築,東京都世田谷区世田谷１,24.8万円,https://suumo.jp/chintai/jnc_000103798422/?bc=100481068785
東急世田谷線 松陰神社前駅 5階建 新築,東京都世田谷区世田谷１,24.9万円,https://suumo.jp/chintai/jnc_000103798429/?bc=100481068773
東急世田谷線 松陰神社前駅 5階建 新築,東京都世田谷区世田谷１,25万円,https://suumo.jp/chintai/jnc_000103798425/?bc=100481068781
東急世田谷線 松陰神社前駅 5階建 新築,東京都世田谷区世田谷１,25.2万円,https://suumo.jp/chintai/jnc_000103798428/?bc=100481068769
東急世田谷線 松陰神社前駅 5階建 新築,東京都世田谷区世田谷１,25.6万円,https://suumo.jp/chintai/jnc_000103798431/?bc=100481068759
東急世田谷線 松陰神社前駅 5階建 新築,東京都世田谷区世田谷１,32.5万円,https://suumo.jp/chintai/jnc_000103798430/?bc=100481068763
東急世田谷線 松陰神社前駅 5階建 新築,東京都世田谷区世田谷１,33.5万円,https://suumo.jp/chintai/jnc_000103798421/?bc=100481068788
東急世田谷線 松陰神社前駅 5階建 新築,東京都世田谷区世田谷１,33.7万円,https://suumo.jp/chintai/jnc_000103798424/?bc=100481068779
東急世田谷線 松陰神社前駅 5階建 新築,東京都世田谷区世田谷１,33.9万円,https://suumo.jp/chintai/jnc_000103798427/?bc=100481068776
(仮称)世田谷１丁目メゾン,東京都世田谷区世田谷１,18万円,https://suumo.jp/chintai/jnc_000103798420/?bc=100481008877
(仮称)世田谷１丁目メゾン,東京都世田谷区世田谷１,24.5万円,https://suumo.jp/chintai/jnc_000103798413/?bc=100481009193
(仮称)世田谷１丁目メゾン,東京都世田谷区世田谷１,24.7万円,https://suumo.jp/chintai/jnc_000103798415/?bc=100481009205
(仮称)世田谷１丁目メゾン,東京都世田谷区世田谷１,24.8万円,https://suumo.jp/chintai/jnc_000103798412/?bc=100481009182
(仮称)世田谷１丁目メゾン,東京都世田谷区世田谷１,24.9万円,https://suumo.jp/chintai/jnc_000103798417/?bc=100481009094
(仮称)世田谷１丁目メゾン,東京都世田谷区世田谷１,25万円,https://suumo.jp/chintai/jnc_000103807429/?bc=100481009195
(仮称)世田谷１丁目メゾン,東京都世田谷区世田谷１,25.2万円,https://suumo.jp/chintai/jnc_000103798416/?bc=100481009211
(仮称)世田谷１丁目メゾン,東京都世田谷区世田谷１,25.6万円,https://suumo.jp/chintai/jnc_000103798419/?bc=100481008874
(仮称)世田谷１丁目メゾン,東京都世田谷区世田谷１,32.5万円,https://suumo.jp/chintai/jnc_000103798418/?bc=100481009099
(仮称)世田谷１丁目メゾン,東京都世田谷区世田谷１,33.5万円,https://suumo.jp/chintai/jnc_000103798411/?bc=100481009171
(仮称)世田谷１丁目メゾン,東京都世田谷区世田谷１,33.7万円,https://suumo.jp/chintai/jnc_000103798414/?bc=100481009199
(仮称)世田谷１丁目メゾン,東京都世田谷区世田谷１,33.9万円,https://suumo.jp/chintai/jnc_000103807430/?bc=100481009213
グラース玉川台Nord,東京都世田谷区玉川台１,33.1万円,https://suumo.jp/chintai/jnc_000101783903/?bc=100481011757
グラース玉川台Nord,東京都世田谷区玉川台１,37.1万円,https://suumo.jp/chintai/jnc_000101783904/?bc=100481011760
東急田園都市線 用賀駅 2階建 新築,東京都世田谷区玉川台１,33.1万円,https://suumo.jp/chintai/jnc_000101783905/?bc=100481010049
東急田園都市線 用賀駅 2階建 新築,東京都世田谷区玉川台１,33.1万円,https://suumo.jp/chintai/jnc_000103873646/?bc=100481188910
東急田園都市線 用賀駅 2階建 新築,東京都世田谷区玉川台１,37.1万円,https://suumo.jp/chintai/jnc_000101783906/?bc=100481009804
グランフォート用賀,東京都世田谷区用賀３,29万円,https://suumo.jp/chintai/jnc_000103712884/?bc=100480001897
グランフォート用賀,東京都世田谷区用賀３,29万円,https://suumo.jp/chintai/jnc_000103762754/?bc=100480366721
ガーデニエール砧　ＷＥＳＴ,東京都世田谷区砧２,20.8万円,https://suumo.jp/chintai/jnc_000103771218/?bc=100480629366
ガーデニエール砧　ＷＥＳＴ,東京都世田谷区砧２,23.8万円,https://suumo.jp/chintai/jnc_000102356862/?bc=100478158832
ガーデニエール砧　ＷＥＳＴ,東京都世田谷区砧２,24.3万円,https://suumo.jp/chintai/jnc_000102356863/?bc=100468887399
ガーデニエール砧　ＷＥＳＴ,東京都世田谷区砧２,24.6万円,https://suumo.jp/chintai/jnc_000103324467/?bc=100477105690
ガーデニエール砧　ＷＥＳＴ,東京都世田谷区砧２,24.7万円,https://suumo.jp/chintai/jnc_000102512803/?bc=100470555411
ガーデニエール砧　ＷＥＳＴ,東京都世田谷区砧２,30.8万円,https://suumo.jp/chintai/jnc_000102814307/?bc=100472652762
ガーデニエール砧　ＷＥＳＴ,東京都世田谷区砧２,30.8万円,https://suumo.jp/chintai/jnc_000102521134/?bc=100477165756
ガーデニエール砧　ＷＥＳＴ,東京都世田谷区砧２,33.1万円,https://suumo.jp/chintai/jnc_000102951878/?bc=100479850637
ガーデニエール砧　ＷＥＳＴ,東京都世田谷区砧２,33.1万円,https://suumo.jp/chintai/jnc_000103144104/?bc=100475282960
ガーデニエール砧　ＷＥＳＴ,東京都世田谷区砧２,33.1万円,https://suumo.jp/chintai/jnc_000103118150/?bc=100475066052
ガーデニエール砧　ＷＥＳＴ,東京都世田谷区砧２,33.5万円,https://suumo.jp/chintai/jnc_000101837642/?bc=100463765957
ガーデニエール砧　ＷＥＳＴ,東京都世田谷区砧２,34.5万円,https://suumo.jp/chintai/jnc_000101858452/?bc=100465495704
ガーデニエール砧　ＷＥＳＴ,東京都世田谷区砧２,34.8万円,https://suumo.jp/chintai/jnc_000101139535/?bc=100458601093
ヴェルデ久我山,東京都世田谷区北烏山２,16.8万円,https://suumo.jp/chintai/jnc_000103135104/?bc=100475502794
ヴェルデ久我山,東京都世田谷区北烏山２,16.8万円,https://suumo.jp/chintai/jnc_000103551075/?bc=100466885534
ヴェルデ久我山,東京都世田谷区北烏山２,16.8万円,https://suumo.jp/chintai/jnc_000103198864/?bc=100470729154
ヴェルデ久我山,東京都世田谷区北烏山２,17万円,https://suumo.jp/chintai/jnc_000102869653/?bc=100473961878
ヴェルデ久我山,東京都世田谷区北烏山２,18.3万円,https://suumo.jp/chintai/jnc_000103837646/?bc=100481272354
ヴェルデ久我山,東京都世田谷区北烏山２,18.3万円,https://suumo.jp/chintai/jnc_000103856636/?bc=100481183076
ヴェルデ久我山,東京都世田谷区北烏山２,19.5万円,https://suumo.jp/chintai/jnc_000103135103/?bc=100463229164
ヴェルデ久我山,東京都世田谷区北烏山２,19.5万円,https://suumo.jp/chintai/jnc_000103198863/?bc=100444043637
ヴェルデ久我山,東京都世田谷区北烏山２,19.8万円,https://suumo.jp/chintai/jnc_000102572730/?bc=100467680342
メゾンレーヴ経堂,東京都世田谷区宮坂１,22万円,https://suumo.jp/chintai/jnc_000102843128/?bc=100480330826
メゾンレーヴ経堂,東京都世田谷区宮坂１,27万円,https://suumo.jp/chintai/jnc_000102843129/?bc=100479332002
京王線 下高井戸駅 3階建 築4年,東京都世田谷区松原４,13.7万円,https://suumo.jp/chintai/jnc_000094857037/?bc=100481236797
パールハイム経堂,東京都世田谷区宮坂３,11万円,https://suumo.jp/chintai/jnc_000103730450/?bc=100480173588
小田急線 経堂駅 2階建 築10年,東京都世田谷区宮坂３,11万円,https://suumo.jp/chintai/jnc_000103735105/?bc=100480172241
マイ・ピヌス,東京都世田谷区代田３,22.1万円,https://suumo.jp/chintai/jnc_000103546848/?bc=100454391486
マイ・ピヌス,東京都世田谷区代田３,22.6万円,https://suumo.jp/chintai/jnc_000103546849/?bc=100454581650
小田急線 世田谷代田駅 2階建 新築,東京都世田谷区代田３,22.1万円,https://suumo.jp/chintai/jnc_000103551127/?bc=100481010015
小田急線 世田谷代田駅 2階建 新築,東京都世田谷区代田３,22.6万円,https://suumo.jp/chintai/jnc_000103551128/?bc=100459283608
ＧＲＡＮ ＰＡＳＥＯ三宿,東京都世田谷区三宿２,20.3万円,https://suumo.jp/chintai/jnc_000102547697/?bc=100481023709
ＧＲＡＮ ＰＡＳＥＯ三宿,東京都世田谷区三宿２,20.7万円,https://suumo.jp/chintai/jnc_000102547702/?bc=100481023734
ＧＲＡＮ ＰＡＳＥＯ三宿,東京都世田谷区三宿２,20.7万円,https://suumo.jp/chintai/jnc_000102547701/?bc=100471203410
ＧＲＡＮ ＰＡＳＥＯ三宿,東京都世田谷区三宿２,20.7万円,https://suumo.jp/chintai/jnc_000102547700/?bc=100471203400
ＧＲＡＮ ＰＡＳＥＯ三宿,東京都世田谷区三宿２,20.8万円,https://suumo.jp/chintai/jnc_000102547706/?bc=100477092099
ＧＲＡＮ ＰＡＳＥＯ三宿,東京都世田谷区三宿２,20.8万円,https://suumo.jp/chintai/jnc_000102547707/?bc=100471203398
ＧＲＡＮ ＰＡＳＥＯ三宿,東京都世田谷区三宿２,20.8万円,https://suumo.jp/chintai/jnc_000102547705/?bc=100477090758
ＧＲＡＮ ＰＡＳＥＯ三宿,東京都世田谷区三宿２,21万円,https://suumo.jp/chintai/jnc_000102547711/?bc=100481023697
ＧＲＡＮ ＰＡＳＥＯ三宿,東京都世田谷区三宿２,21万円,https://suumo.jp/chintai/jnc_000102547710/?bc=100477091019
ＧＲＡＮ ＰＡＳＥＯ三宿,東京都世田谷区三宿２,21万円,https://suumo.jp/chintai/jnc_000102547712/?bc=100471899322
ＧＲＡＮ ＰＡＳＥＯ三宿,東京都世田谷区三宿２,26.5万円,https://suumo.jp/chintai/jnc_000102624714/?bc=100477083575
ＧＲＡＮ ＰＡＳＥＯ三宿,東京都世田谷区三宿２,26.6万円,https://suumo.jp/chintai/jnc_000102624715/?bc=100477083669
ＧＲＡＮ ＰＡＳＥＯ三宿,東京都世田谷区三宿２,26.5万円,https://suumo.jp/chintai/jnc_000102547698/?bc=100474514593
ＧＲＡＮ ＰＡＳＥＯ三宿,東京都世田谷区三宿２,26.5万円,https://suumo.jp/chintai/jnc_000102547699/?bc=100471399457
ＧＲＡＮ ＰＡＳＥＯ三宿,東京都世田谷区三宿２,26.6万円,https://suumo.jp/chintai/jnc_000102547703/?bc=100471203404
ＧＲＡＮ ＰＡＳＥＯ三宿,東京都世田谷区三宿２,26.9万円,https://suumo.jp/chintai/jnc_000102624716/?bc=100477083678
ＧＲＡＮ ＰＡＳＥＯ三宿,東京都世田谷区三宿２,26.6万円,https://suumo.jp/chintai/jnc_000102547704/?bc=100475373898
ＧＲＡＮ ＰＡＳＥＯ三宿,東京都世田谷区三宿２,26.9万円,https://suumo.jp/chintai/jnc_000102547709/?bc=100477084736
ＧＲＡＮ ＰＡＳＥＯ三宿,東京都世田谷区三宿２,34.5万円,https://suumo.jp/chintai/jnc_000102547696/?bc=100471237309
ＧＲＡＮ ＰＡＳＥＯ三宿,東京都世田谷区三宿２,34.5万円,https://suumo.jp/chintai/jnc_000102547695/?bc=100481023694
メゾンY,東京都世田谷区中町３,27.1万円,https://suumo.jp/chintai/jnc_000103851545/?bc=100480684780
メゾンY,東京都世田谷区中町３,30.8万円,https://suumo.jp/chintai/jnc_000103844166/?bc=100481009137
メゾンY,東京都世田谷区中町３,30.8万円,https://suumo.jp/chintai/jnc_000103851544/?bc=100462568397
東急大井町線 等々力駅 2階建 新築,東京都世田谷区中町３,30.8万円,https://suumo.jp/chintai/jnc_000103844167/?bc=100481068706
ＳＷＥＤＥＮ　ＨＯＵＳＥーＫＩＴＡＺＡＷＡ　ＦＩＶＥ－,東京都世田谷区北沢５,40万円,https://suumo.jp/chintai/jnc_000103851482/?bc=100481097608
サン・エクセレンス,東京都世田谷区喜多見７,13.6万円,https://suumo.jp/chintai/jnc_000102751298/?bc=100481204192
サン・エクセレンス,東京都世田谷区喜多見７,13.6万円,https://suumo.jp/chintai/jnc_000103864527/?bc=100481228793
（仮称）野毛一丁目メゾンC棟,東京都世田谷区野毛１,22.5万円,https://suumo.jp/chintai/jnc_000103135183/?bc=100476088406
（仮称）野毛一丁目メゾンC棟,東京都世田谷区野毛１,23.3万円,https://suumo.jp/chintai/jnc_000103135181/?bc=100476088407
（仮称）野毛一丁目メゾンC棟,東京都世田谷区野毛１,23.5万円,https://suumo.jp/chintai/jnc_000103135182/?bc=100476088408
東急大井町線 等々力駅 2階建 新築,東京都世田谷区野毛１,22.5万円,https://suumo.jp/chintai/jnc_000103135186/?bc=100479495741
東急大井町線 等々力駅 2階建 新築,東京都世田谷区野毛１,23.3万円,https://suumo.jp/chintai/jnc_000103135184/?bc=100479495743
東急大井町線 等々力駅 2階建 新築,東京都世田谷区野毛１,23.5万円,https://suumo.jp/chintai/jnc_000103135185/?bc=100479495742
小田急線 千歳船橋駅 2階建 新築,東京都世田谷区船橋１,23万円,https://suumo.jp/chintai/jnc_000103524013/?bc=100460258448
ミモリハウス,東京都世田谷区船橋１,23万円,https://suumo.jp/chintai/jnc_000103524012/?bc=100481009018
メゾン　アイティー　キング,東京都世田谷区世田谷２,15.8万円,https://suumo.jp/chintai/jnc_000103851533/?bc=100481103177
メゾン　アイティー　キング,東京都世田谷区世田谷２,16.1万円,https://suumo.jp/chintai/jnc_000103819490/?bc=100480782334
メイクスデザイン用賀,東京都世田谷区用賀４,10.6万円,https://suumo.jp/chintai/jnc_000103551170/?bc=100478641752
メイクスデザイン用賀,東京都世田谷区用賀４,11.4万円,https://suumo.jp/chintai/jnc_000103192161/?bc=100476487485
メイクスデザイン用賀,東京都世田谷区用賀４,12.9万円,https://suumo.jp/chintai/jnc_000097588495/?bc=100339007064
メイクスデザイン用賀,東京都世田谷区用賀４,13.8万円,https://suumo.jp/chintai/jnc_000103594040/?bc=100479426499
メイクスデザイン用賀,東京都世田谷区用賀４,17.8万円,https://suumo.jp/chintai/jnc_000103551171/?bc=100479094492
ステージグランデ用賀アジールコート,東京都世田谷区瀬田３,10.7万円,https://suumo.jp/chintai/jnc_000103084056/?bc=100480965363
ステージグランデ用賀アジールコート,東京都世田谷区瀬田３,19.8万円,https://suumo.jp/chintai/jnc_000103844136/?bc=100481052644
東急田園都市線 用賀駅 10階建 築10年,東京都世田谷区瀬田３,10.7万円,https://suumo.jp/chintai/jnc_000103111228/?bc=100479597705
東急田園都市線 用賀駅 10階建 築10年,東京都世田谷区瀬田３,19.8万円,https://suumo.jp/chintai/jnc_000103844137/?bc=100481066837
ウェルスクエアイズム明大前,東京都世田谷区松原２,12.3万円,https://suumo.jp/chintai/jnc_000103787113/?bc=100480565306
ウェルスクエアイズム明大前,東京都世田谷区松原２,12.3万円,https://suumo.jp/chintai/jnc_000103792514/?bc=100480566363
ウェルスクエアイズム明大前,東京都世田谷区松原２,20.6万円,https://suumo.jp/chintai/jnc_000103410138/?bc=100477829319
ウェルスクエアイズム明大前,東京都世田谷区松原２,20.9万円,https://suumo.jp/chintai/jnc_000102512878/?bc=100477093357
ウェルスクエアイズム明大前,東京都世田谷区松原２,20.9万円,https://suumo.jp/chintai/jnc_000102922764/?bc=100473511657
コルティーレ上北沢,東京都世田谷区上北沢５,10.2万円,https://suumo.jp/chintai/jnc_000103410095/?bc=100477716957
コルティーレ上北沢,東京都世田谷区上北沢５,10.3万円,https://suumo.jp/chintai/jnc_000102448526/?bc=100470184984
コルティーレ上北沢,東京都世田谷区上北沢５,10.4万円,https://suumo.jp/chintai/jnc_000103780139/?bc=100480950317
コルティーレ上北沢,東京都世田谷区上北沢５,10.4万円,https://suumo.jp/chintai/jnc_000103798379/?bc=100480615645
京王線 八幡山駅 4階建 築7年,東京都世田谷区上北沢５,10.2万円,https://suumo.jp/chintai/jnc_000103410096/?bc=100477529432
京王線 八幡山駅 4階建 築7年,東京都世田谷区上北沢５,10.4万円,https://suumo.jp/chintai/jnc_000103792441/?bc=100481062025
京王線 八幡山駅 4階建 築7年,東京都世田谷区上北沢５,10.5万円,https://suumo.jp/chintai/jnc_000100204023/?bc=100449651061
東急大井町線 等々力駅 2階建 新築,東京都世田谷区等々力３,23.7万円,https://suumo.jp/chintai/jnc_000103285780/?bc=100454620526
Shine Court,東京都世田谷区等々力３,23.7万円,https://suumo.jp/chintai/jnc_000103285778/?bc=100481009206
Glanz West,東京都世田谷区弦巻１,14.5万円,https://suumo.jp/chintai/jnc_000103346623/?bc=100476760587
東急世田谷線 世田谷駅 4階建 築10年,東京都世田谷区弦巻１,14.5万円,https://suumo.jp/chintai/jnc_000103346624/?bc=100476760172
グレンパーク駒場　WEST棟,東京都世田谷区池尻４,35万円,https://suumo.jp/chintai/jnc_000102971379/?bc=100476130565
グレンパーク駒場　WEST棟,東京都世田谷区池尻４,35万円,https://suumo.jp/chintai/jnc_000102493320/?bc=100470072098
グレンパーク駒場　WEST棟,東京都世田谷区池尻４,35万円,https://suumo.jp/chintai/jnc_000101459200/?bc=100470267005
グレンパーク駒場　WEST棟,東京都世田谷区池尻４,49.9万円,https://suumo.jp/chintai/jnc_000103118137/?bc=100460810546
グレンパーク駒場　WEST棟,東京都世田谷区池尻４,65万円,https://suumo.jp/chintai/jnc_000100360911/?bc=100463196499
東急大井町線 等々力駅 2階建 新築,東京都世田谷区野毛１,22.2万円,https://suumo.jp/chintai/jnc_000103135174/?bc=100476158415
東急大井町線 等々力駅 2階建 新築,東京都世田谷区野毛１,23.8万円,https://suumo.jp/chintai/jnc_000103135172/?bc=100479883120
東急大井町線 等々力駅 2階建 新築,東京都世田谷区野毛１,24万円,https://suumo.jp/chintai/jnc_000103135173/?bc=100476158414
（仮称）野毛一丁目メゾンA棟,東京都世田谷区野毛１,22.2万円,https://suumo.jp/chintai/jnc_000103135171/?bc=100476055118
（仮称）野毛一丁目メゾンA棟,東京都世田谷区野毛１,23.8万円,https://suumo.jp/chintai/jnc_000103135169/?bc=100476055119
（仮称）野毛一丁目メゾンA棟,東京都世田谷区野毛１,24万円,https://suumo.jp/chintai/jnc_000103135170/?bc=100476055115
フローラ野沢,東京都世田谷区野沢４,15.9万円,https://suumo.jp/chintai/jnc_000103636818/?bc=100479617041
ＧＲＡＮ　ＡＲＫ,東京都世田谷区松原２,23万円,https://suumo.jp/chintai/jnc_000102783677/?bc=100472683416
京王線 明大前駅 4階建 築4年,東京都世田谷区松原２,23万円,https://suumo.jp/chintai/jnc_000102799596/?bc=100481010080
小田急線 千歳船橋駅 3階建 新築,東京都世田谷区千歳台１,21.5万円,https://suumo.jp/chintai/jnc_000103844151/?bc=100481069624
小田急線 千歳船橋駅 3階建 新築,東京都世田谷区千歳台１,22.2万円,https://suumo.jp/chintai/jnc_000103844152/?bc=100481069622
ファルベ千歳台,東京都世田谷区千歳台１,21.5万円,https://suumo.jp/chintai/jnc_000103844149/?bc=100481008988
ファルベ千歳台,東京都世田谷区千歳台１,22.2万円,https://suumo.jp/chintai/jnc_000103844150/?bc=100481008984
GARDEN COURT,東京都世田谷区太子堂２,23.5万円,https://suumo.jp/chintai/jnc_000103551105/?bc=100481008914
東急田園都市線 三軒茶屋駅 3階建 築14年,東京都世田谷区太子堂２,23.5万円,https://suumo.jp/chintai/jnc_000103551106/?bc=100475811700
ＭＡＩＳＯＮ,東京都世田谷区南烏山５,12.2万円,https://suumo.jp/chintai/jnc_000103685927/?bc=100480949713
ＭＡＩＳＯＮ,東京都世田谷区南烏山５,12.2万円,https://suumo.jp/chintai/jnc_000103702465/?bc=100479879162
京王線 千歳烏山駅 3階建 築7年,東京都世田谷区南烏山５,12.2万円,https://suumo.jp/chintai/jnc_000103685928/?bc=100480025290
京王線 千歳烏山駅 3階建 築7年,東京都世田谷区南烏山５,12.2万円,https://suumo.jp/chintai/jnc_000103695121/?bc=100479805219
京王線 千歳烏山駅 3階建 築7年,東京都世田谷区南烏山５,12.2万円,https://suumo.jp/chintai/jnc_000103695120/?bc=100479806190
Grove,東京都世田谷区瀬田２,12.6万円,https://suumo.jp/chintai/jnc_000103802357/?bc=100480997702
Grove,東京都世田谷区瀬田２,12.6万円,https://suumo.jp/chintai/jnc_000103807427/?bc=100480675395
プレディアコート三軒茶屋,東京都世田谷区上馬５,19.3万円,https://suumo.jp/chintai/jnc_000102063169/?bc=100478361598
プレディアコート三軒茶屋,東京都世田谷区上馬５,19.4万円,https://suumo.jp/chintai/jnc_000102063172/?bc=100457394426
プレディアコート三軒茶屋,東京都世田谷区上馬５,19.5万円,https://suumo.jp/chintai/jnc_000102063176/?bc=100457395228
プレディアコート三軒茶屋,東京都世田谷区上馬５,19.6万円,https://suumo.jp/chintai/jnc_000102063180/?bc=100470968706
プレディアコート三軒茶屋,東京都世田谷区上馬５,19.7万円,https://suumo.jp/chintai/jnc_000103330621/?bc=100476943650
プレディアコート三軒茶屋,東京都世田谷区上馬５,19.6万円,https://suumo.jp/chintai/jnc_000102616742/?bc=100471130293
プレディアコート三軒茶屋,東京都世田谷区上馬５,21.3万円,https://suumo.jp/chintai/jnc_000102063168/?bc=100465997238
プレディアコート三軒茶屋,東京都世田谷区上馬５,21.6万円,https://suumo.jp/chintai/jnc_000102063179/?bc=100480879434
プレディアコート三軒茶屋,東京都世田谷区上馬５,21.7万円,https://suumo.jp/chintai/jnc_000103330620/?bc=100476953849
プレディアコート三軒茶屋,東京都世田谷区上馬５,22万円,https://suumo.jp/chintai/jnc_000102063174/?bc=100457602810
プレディアコート三軒茶屋,東京都世田谷区上馬５,22.5万円,https://suumo.jp/chintai/jnc_000102063178/?bc=100470769612
プレディアコート三軒茶屋,東京都世田谷区上馬５,22.6万円,https://suumo.jp/chintai/jnc_000103330619/?bc=100477127817
プレディアコート三軒茶屋,東京都世田谷区上馬５,22.7万円,https://suumo.jp/chintai/jnc_000102063182/?bc=100457541804
プレディアコート三軒茶屋,東京都世田谷区上馬５,25.9万円,https://suumo.jp/chintai/jnc_000102063167/?bc=100470805415
プレディアコート三軒茶屋,東京都世田谷区上馬５,26.2万円,https://suumo.jp/chintai/jnc_000102063170/?bc=100480735718
プレディアコート三軒茶屋,東京都世田谷区上馬５,26.5万円,https://suumo.jp/chintai/jnc_000102063173/?bc=100457581454
プレディアコート三軒茶屋,東京都世田谷区上馬５,27.1万円,https://suumo.jp/chintai/jnc_000103330618/?bc=100476984470
ＥＬＹＳＥＥ　ＤＡＩＺＡＷＡ,東京都世田谷区代沢１,28.9万円,https://suumo.jp/chintai/jnc_000103702421/?bc=100446246718
ＥＬＹＳＥＥ　ＤＡＩＺＡＷＡ,東京都世田谷区代沢１,31.3万円,https://suumo.jp/chintai/jnc_000103702422/?bc=100446362680
ＥＬＹＳＥＥ　ＤＡＩＺＡＷＡ,東京都世田谷区代沢１,52.9万円,https://suumo.jp/chintai/jnc_000103702423/?bc=100447190165
ルミーク千歳船橋,東京都世田谷区船橋２,16.9万円,https://suumo.jp/chintai/jnc_000100617991/?bc=100469550609
ルミーク千歳船橋,東京都世田谷区船橋２,22.9万円,https://suumo.jp/chintai/jnc_000100914227/?bc=100442695178
ルミーク千歳船橋,東京都世田谷区船橋２,28.4万円,https://suumo.jp/chintai/jnc_000101962463/?bc=100453085803
ＡＲＫＭＡＲＫ世田谷砧,東京都世田谷区砧２,12.4万円,https://suumo.jp/chintai/jnc_000101634648/?bc=100472375362
ＡＲＫＭＡＲＫ世田谷砧,東京都世田谷区砧２,12.7万円,https://suumo.jp/chintai/jnc_000101634644/?bc=100455285739
ＡＲＫＭＡＲＫ世田谷砧,東京都世田谷区砧２,12.7万円,https://suumo.jp/chintai/jnc_000101634645/?bc=100454618025
ＡＲＫＭＡＲＫ世田谷砧,東京都世田谷区砧２,12.8万円,https://suumo.jp/chintai/jnc_000101634646/?bc=100474768609
ＡＲＫＭＡＲＫ世田谷砧,東京都世田谷区砧２,15.6万円,https://suumo.jp/chintai/jnc_000100222806/?bc=100449693585
ＡＲＫＭＡＲＫ世田谷砧,東京都世田谷区砧２,15.7万円,https://suumo.jp/chintai/jnc_000100222815/?bc=100465103651
ＡＲＫＭＡＲＫ世田谷砧,東京都世田谷区砧２,15.9万円,https://suumo.jp/chintai/jnc_000100222824/?bc=100449896268
ＡＲＫＭＡＲＫ世田谷砧,東京都世田谷区砧２,16万円,https://suumo.jp/chintai/jnc_000100222833/?bc=100449819129
ＡＲＫＭＡＲＫ世田谷砧,東京都世田谷区砧２,16.2万円,https://suumo.jp/chintai/jnc_000100222837/?bc=100449647064
ＡＲＫＭＡＲＫ世田谷砧,東京都世田谷区砧２,18.7万円,https://suumo.jp/chintai/jnc_000100217090/?bc=100454617996
The MANOR KYODO,東京都世田谷区経堂１,22万円,https://suumo.jp/chintai/jnc_000103593964/?bc=100478909581
The MANOR KYODO,東京都世田谷区経堂１,25.3万円,https://suumo.jp/chintai/jnc_000101522733/?bc=100460152687
小田急線 祖師ヶ谷大蔵駅 3階建 築16年,東京都世田谷区砧７,19.5万円,https://suumo.jp/chintai/jnc_000103239237/?bc=100479806479
小田急線 祖師ヶ谷大蔵駅 3階建 築16年,東京都世田谷区砧７,19.9万円,https://suumo.jp/chintai/jnc_000103324468/?bc=100477840777
アビティ砧,東京都世田谷区砧７,19.5万円,https://suumo.jp/chintai/jnc_000103111209/?bc=100481287394
アビティ砧,東京都世田谷区砧７,19.9万円,https://suumo.jp/chintai/jnc_000103317010/?bc=100476602537
アビティ砧,東京都世田谷区砧７,20万円,https://suumo.jp/chintai/jnc_000102017476/?bc=100466841921
シエラ　クレスト,東京都世田谷区粕谷２,17.6万円,https://suumo.jp/chintai/jnc_000103771176/?bc=100445739741
シエラ　クレスト,東京都世田谷区粕谷２,17.6万円,https://suumo.jp/chintai/jnc_000103864496/?bc=100481212058
シエラ　クレスト,東京都世田谷区粕谷２,18.2万円,https://suumo.jp/chintai/jnc_000103723228/?bc=100474417663
シエラ　クレスト,東京都世田谷区粕谷２,18.2万円,https://suumo.jp/chintai/jnc_000103122914/?bc=100480157493
シエラ　クレスト,東京都世田谷区粕谷２,18.8万円,https://suumo.jp/chintai/jnc_000102814297/?bc=100477032115
京王線 千歳烏山駅 地下1地上4階建 築3年,東京都世田谷区粕谷２,17.6万円,https://suumo.jp/chintai/jnc_000103856607/?bc=100454896779
京王線 千歳烏山駅 地下1地上4階建 築3年,東京都世田谷区粕谷２,17.6万円,https://suumo.jp/chintai/jnc_000103756668/?bc=100481105555
京王線 千歳烏山駅 地下1地上4階建 築3年,東京都世田谷区粕谷２,18.2万円,https://suumo.jp/chintai/jnc_000103440389/?bc=100474293966
エトワール,東京都世田谷区三軒茶屋２,15.8万円,https://suumo.jp/chintai/jnc_000103792464/?bc=100480545645
リッツ喜多見,東京都世田谷区喜多見９,13万円,https://suumo.jp/chintai/jnc_000103593952/?bc=100479534065
リッツ喜多見,東京都世田谷区喜多見９,14万円,https://suumo.jp/chintai/jnc_000103680647/?bc=100480870535
小田急線 喜多見駅 3階建 築15年,東京都世田谷区喜多見９,13万円,https://suumo.jp/chintai/jnc_000103593954/?bc=100478977517
小田急線 成城学園前駅 3階建 築28年,東京都世田谷区喜多見７,13.6万円,https://suumo.jp/chintai/jnc_000102760995/?bc=100481222299
東急田園都市線 用賀駅 地下1地上3階建 新築,東京都世田谷区玉川台２,16.8万円,https://suumo.jp/chintai/jnc_000102405136/?bc=100435305057
東急田園都市線 用賀駅 地下1地上3階建 新築,東京都世田谷区玉川台２,17万円,https://suumo.jp/chintai/jnc_000101450734/?bc=100435407319
東急田園都市線 用賀駅 地下1地上3階建 新築,東京都世田谷区玉川台２,17.4万円,https://suumo.jp/chintai/jnc_000098174542/?bc=100464180435
東急田園都市線 用賀駅 地下1地上3階建 新築,東京都世田谷区玉川台２,17.6万円,https://suumo.jp/chintai/jnc_000098152630/?bc=100464180085
東急田園都市線 用賀駅 地下1地上3階建 新築,東京都世田谷区玉川台２,17.6万円,https://suumo.jp/chintai/jnc_000098174541/?bc=100464180730
ＰＹＴ２９,東京都世田谷区上用賀５,15.3万円,https://suumo.jp/chintai/jnc_000103429190/?bc=100481282828
（仮称）野毛一丁目メゾンB棟,東京都世田谷区野毛１,22.2万円,https://suumo.jp/chintai/jnc_000103135177/?bc=100476088410
（仮称）野毛一丁目メゾンB棟,東京都世田谷区野毛１,22.7万円,https://suumo.jp/chintai/jnc_000103135175/?bc=100476088411
（仮称）野毛一丁目メゾンB棟,東京都世田谷区野毛１,23万円,https://suumo.jp/chintai/jnc_000103135176/?bc=100476088409
東急大井町線 等々力駅 2階建 新築,東京都世田谷区野毛１,22.2万円,https://suumo.jp/chintai/jnc_000103135180/?bc=100476158409
東急大井町線 等々力駅 2階建 新築,東京都世田谷区野毛１,22.7万円,https://suumo.jp/chintai/jnc_000103135178/?bc=100476158411
東急大井町線 等々力駅 2階建 新築,東京都世田谷区野毛１,23万円,https://suumo.jp/chintai/jnc_000103135179/?bc=100479495746
グレーシアフィット三軒茶屋,東京都世田谷区上馬２,18.3万円,https://suumo.jp/chintai/jnc_000101953189/?bc=100465417351
グレーシアフィット三軒茶屋,東京都世田谷区上馬２,18.4万円,https://suumo.jp/chintai/jnc_000100517133/?bc=100474124173
グレーシアフィット三軒茶屋,東京都世田谷区上馬２,18.4万円,https://suumo.jp/chintai/jnc_000103447783/?bc=100477575402
グレーシアフィット三軒茶屋,東京都世田谷区上馬２,19.3万円,https://suumo.jp/chintai/jnc_000100517148/?bc=100479258960
グレーシアフィット三軒茶屋,東京都世田谷区上馬２,19.8万円,https://suumo.jp/chintai/jnc_000103324456/?bc=100476709729
グレーシアフィット三軒茶屋,東京都世田谷区上馬２,20.5万円,https://suumo.jp/chintai/jnc_000101953180/?bc=100465651899
グレーシアフィット三軒茶屋,東京都世田谷区上馬２,24.6万円,https://suumo.jp/chintai/jnc_000102672454/?bc=100473676909
グレーシアフィット三軒茶屋,東京都世田谷区上馬２,24.8万円,https://suumo.jp/chintai/jnc_000102672455/?bc=100472952330
グレーシアフィット三軒茶屋,東京都世田谷区上馬２,25.5万円,https://suumo.jp/chintai/jnc_000103324455/?bc=100476799548
グレーシアフィット三軒茶屋,東京都世田谷区上馬２,26.2万円,https://suumo.jp/chintai/jnc_000101953185/?bc=100465495126
グレーシアフィット三軒茶屋,東京都世田谷区上馬２,27.5万円,https://suumo.jp/chintai/jnc_000103324457/?bc=100476881460
グレーシアフィット三軒茶屋,東京都世田谷区上馬２,27.5万円,https://suumo.jp/chintai/jnc_000103440391/?bc=100477217844
シャルフィー,東京都世田谷区南烏山３,13.2万円,https://suumo.jp/chintai/jnc_000103551165/?bc=100478430658
シャルフィー,東京都世田谷区南烏山３,15.65万円,https://suumo.jp/chintai/jnc_000103743256/?bc=100476426145
シャルフィー,東京都世田谷区南烏山３,15.65万円,https://suumo.jp/chintai/jnc_000103798478/?bc=100480615630
サクラテラスW,東京都世田谷区用賀２,15万円,https://suumo.jp/chintai/jnc_000103844182/?bc=100481068135
東急田園都市線 桜新町駅 2階建 築11年,東京都世田谷区用賀２,15万円,https://suumo.jp/chintai/jnc_000103844183/?bc=100481247751
casa flotante,東京都世田谷区等々力８,27.5万円,https://suumo.jp/chintai/jnc_000101513062/?bc=100460421591
ウェルスクエア笹塚2,東京都世田谷区北沢５,15.3万円,https://suumo.jp/chintai/jnc_000102352695/?bc=100470512563
ウェルスクエア笹塚2,東京都世田谷区北沢５,15.3万円,https://suumo.jp/chintai/jnc_000103734991/?bc=100480182495
ウェルスクエア笹塚2,東京都世田谷区北沢５,16.6万円,https://suumo.jp/chintai/jnc_000102352686/?bc=100461468346
ウェルスクエア笹塚2,東京都世田谷区北沢５,16.6万円,https://suumo.jp/chintai/jnc_000103734983/?bc=100480182481
ウェルスクエア笹塚2,東京都世田谷区北沢５,16.8万円,https://suumo.jp/chintai/jnc_000102352688/?bc=100477348743
ウェルスクエア笹塚2,東京都世田谷区北沢５,16.8万円,https://suumo.jp/chintai/jnc_000103734985/?bc=100480182499
ウェルスクエア笹塚2,東京都世田谷区北沢５,17万円,https://suumo.jp/chintai/jnc_000102352689/?bc=100461499157
ウェルスクエア笹塚2,東京都世田谷区北沢５,17万円,https://suumo.jp/chintai/jnc_000103734986/?bc=100480182482
ウェルスクエア笹塚2,東京都世田谷区北沢５,17.1万円,https://suumo.jp/chintai/jnc_000102352692/?bc=100464961847
ウェルスクエア笹塚2,東京都世田谷区北沢５,17.1万円,https://suumo.jp/chintai/jnc_000103734988/?bc=100480182494
ウェルスクエア笹塚2,東京都世田谷区北沢５,17.2万円,https://suumo.jp/chintai/jnc_000102352690/?bc=100461499155
ウェルスクエア笹塚2,東京都世田谷区北沢５,17.3万円,https://suumo.jp/chintai/jnc_000102352697/?bc=100463641805
ウェルスクエア笹塚2,東京都世田谷区北沢５,17.3万円,https://suumo.jp/chintai/jnc_000102352694/?bc=100475132534
ウェルスクエア笹塚2,東京都世田谷区北沢５,17.3万円,https://suumo.jp/chintai/jnc_000103734993/?bc=100480182501
ウェルスクエア笹塚2,東京都世田谷区北沢５,17.3万円,https://suumo.jp/chintai/jnc_000103734990/?bc=100480182500
ウェルスクエア笹塚2,東京都世田谷区北沢５,17.5万円,https://suumo.jp/chintai/jnc_000102352691/?bc=100467813410
ウェルスクエア笹塚2,東京都世田谷区北沢５,17.5万円,https://suumo.jp/chintai/jnc_000103734987/?bc=100480182502
ウェルスクエア笹塚2,東京都世田谷区北沢５,21.2万円,https://suumo.jp/chintai/jnc_000102352687/?bc=100461093264
ウェルスクエア笹塚2,東京都世田谷区北沢５,21.2万円,https://suumo.jp/chintai/jnc_000103734984/?bc=100480182496
ウェルスクエア笹塚2,東京都世田谷区北沢５,22万円,https://suumo.jp/chintai/jnc_000102352693/?bc=100466536999
ウェルスクエア笹塚2,東京都世田谷区北沢５,22万円,https://suumo.jp/chintai/jnc_000102352696/?bc=100470137984
ウェルスクエア笹塚2,東京都世田谷区北沢５,22万円,https://suumo.jp/chintai/jnc_000103734989/?bc=100480182497
ウェルスクエア笹塚2,東京都世田谷区北沢５,22万円,https://suumo.jp/chintai/jnc_000103734992/?bc=100480182498
GENOVIA世田谷砧II,東京都世田谷区砧３,12.1万円,https://suumo.jp/chintai/jnc_000103780147/?bc=100480662457
GENOVIA世田谷砧II,東京都世田谷区砧３,12.15万円,https://suumo.jp/chintai/jnc_000103780148/?bc=100480662496
GENOVIA世田谷砧II,東京都世田谷区砧３,12.15万円,https://suumo.jp/chintai/jnc_000103771220/?bc=100480422815
GENOVIA世田谷砧II,東京都世田谷区砧３,12.4万円,https://suumo.jp/chintai/jnc_000103780154/?bc=100480662502
GENOVIA世田谷砧II,東京都世田谷区砧３,12.4万円,https://suumo.jp/chintai/jnc_000103771221/?bc=100481008217
GENOVIA世田谷砧II,東京都世田谷区砧３,12.4万円,https://suumo.jp/chintai/jnc_000103780160/?bc=100481008052
GENOVIA世田谷砧II,東京都世田谷区砧３,12.4万円,https://suumo.jp/chintai/jnc_000103780155/?bc=100480662470
GENOVIA世田谷砧II,東京都世田谷区砧３,12.4万円,https://suumo.jp/chintai/jnc_000103771222/?bc=100481008044
GENOVIA世田谷砧II,東京都世田谷区砧３,12.4万円,https://suumo.jp/chintai/jnc_000103780156/?bc=100480662462
GENOVIA世田谷砧II,東京都世田谷区砧３,12.4万円,https://suumo.jp/chintai/jnc_000103780161/?bc=100481016346
GENOVIA世田谷砧II,東京都世田谷区砧３,12.4万円,https://suumo.jp/chintai/jnc_000103798396/?bc=100480611605
GENOVIA世田谷砧II,東京都世田谷区砧３,12.45万円,https://suumo.jp/chintai/jnc_000103780157/?bc=100480662499
GENOVIA世田谷砧II,東京都世田谷区砧３,12.45万円,https://suumo.jp/chintai/jnc_000103780171/?bc=100480662464
GENOVIA世田谷砧II,東京都世田谷区砧３,12.45万円,https://suumo.jp/chintai/jnc_000103780165/?bc=100480662465
GENOVIA世田谷砧II,東京都世田谷区砧３,12.45万円,https://suumo.jp/chintai/jnc_000103780166/?bc=100480662484
GENOVIA世田谷砧II,東京都世田谷区砧３,12.45万円,https://suumo.jp/chintai/jnc_000103780167/?bc=100480662498
GENOVIA世田谷砧II,東京都世田谷区砧３,12.45万円,https://suumo.jp/chintai/jnc_000103780164/?bc=100480662478
GENOVIA世田谷砧II,東京都世田谷区砧３,12.45万円,https://suumo.jp/chintai/jnc_000103780153/?bc=100480662474
GENOVIA世田谷砧II,東京都世田谷区砧３,12.45万円,https://suumo.jp/chintai/jnc_000103780172/?bc=100481016214
GENOVIA世田谷砧II,東京都世田谷区砧３,12.45万円,https://suumo.jp/chintai/jnc_000103780163/?bc=100480662473
GENOVIA世田谷砧II,東京都世田谷区砧３,12.5万円,https://suumo.jp/chintai/jnc_000103780151/?bc=100480662461
GENOVIA世田谷砧II,東京都世田谷区砧３,12.5万円,https://suumo.jp/chintai/jnc_000103780162/?bc=100481007935
GENOVIA世田谷砧II,東京都世田谷区砧３,12.5万円,https://suumo.jp/chintai/jnc_000103780176/?bc=100480662456
GENOVIA世田谷砧II,東京都世田谷区砧３,12.5万円,https://suumo.jp/chintai/jnc_000103780175/?bc=100480662476
GENOVIA世田谷砧II,東京都世田谷区砧３,12.5万円,https://suumo.jp/chintai/jnc_000103780168/?bc=100480662494
GENOVIA世田谷砧II,東京都世田谷区砧３,12.5万円,https://suumo.jp/chintai/jnc_000103780177/?bc=100480662459
GENOVIA世田谷砧II,東京都世田谷区砧３,12.55万円,https://suumo.jp/chintai/jnc_000103780178/?bc=100481016221
GENOVIA世田谷砧II,東京都世田谷区砧３,12.55万円,https://suumo.jp/chintai/jnc_000103780181/?bc=100480821042
GENOVIA世田谷砧II,東京都世田谷区砧３,12.55万円,https://suumo.jp/chintai/jnc_000103780152/?bc=100480857328
GENOVIA世田谷砧II,東京都世田谷区砧３,12.6万円,https://suumo.jp/chintai/jnc_000103780182/?bc=100481007983
GENOVIA世田谷砧II,東京都世田谷区砧３,12.8万円,https://suumo.jp/chintai/jnc_000103780150/?bc=100480662485
GENOVIA世田谷砧II,東京都世田谷区砧３,12.85万円,https://suumo.jp/chintai/jnc_000103780149/?bc=100480662490
GENOVIA世田谷砧II,東京都世田谷区砧３,13.1万円,https://suumo.jp/chintai/jnc_000103780159/?bc=100481008026
GENOVIA世田谷砧II,東京都世田谷区砧３,13.15万円,https://suumo.jp/chintai/jnc_000103780158/?bc=100481065664
GENOVIA世田谷砧II,東京都世田谷区砧３,13.15万円,https://suumo.jp/chintai/jnc_000103780170/?bc=100481113540
GENOVIA世田谷砧II,東京都世田谷区砧３,13.2万円,https://suumo.jp/chintai/jnc_000103780169/?bc=100480662487
GENOVIA世田谷砧II,東京都世田谷区砧３,14.05万円,https://suumo.jp/chintai/jnc_000103780174/?bc=100480662472
GENOVIA世田谷砧II,東京都世田谷区砧３,14.1万円,https://suumo.jp/chintai/jnc_000103780180/?bc=100480739204
GENOVIA世田谷砧II,東京都世田谷区砧３,16.1万円,https://suumo.jp/chintai/jnc_000103851487/?bc=100481102063
GENOVIA世田谷砧II,東京都世田谷区砧３,16.1万円,https://suumo.jp/chintai/jnc_000103771223/?bc=100480422841
GENOVIA世田谷砧II,東京都世田谷区砧３,16.2万円,https://suumo.jp/chintai/jnc_000103780173/?bc=100480662488
GENOVIA世田谷砧II,東京都世田谷区砧３,16.4万円,https://suumo.jp/chintai/jnc_000103771224/?bc=100481008177
GENOVIA世田谷砧II,東京都世田谷区砧３,17.8万円,https://suumo.jp/chintai/jnc_000103780179/?bc=100480739190
シャトレセリシエ,東京都世田谷区桜上水１,19万円,https://suumo.jp/chintai/jnc_000102979540/?bc=100480857313
シャトレセリシエ,東京都世田谷区桜上水１,23万円,https://suumo.jp/chintai/jnc_000097923381/?bc=100481273272
シャトレセリシエ,東京都世田谷区桜上水１,23万円,https://suumo.jp/chintai/jnc_000097976859/?bc=100433122015
シャトレセリシエ,東京都世田谷区桜上水１,23万円,https://suumo.jp/chintai/jnc_000098818694/?bc=100472802820
Ｇｒａｃｅ世田谷,東京都世田谷区大原２,15.7万円,https://suumo.jp/chintai/jnc_000103727486/?bc=100448245358
Ｇｒａｃｅ世田谷,東京都世田谷区大原２,16.1万円,https://suumo.jp/chintai/jnc_000103708061/?bc=100474916706
アルティザ自由が丘,東京都世田谷区等々力６,16.1万円,https://suumo.jp/chintai/jnc_000103771292/?bc=100481013212
アルティザ自由が丘,東京都世田谷区等々力６,18.3万円,https://suumo.jp/chintai/jnc_000101274281/?bc=100459187671
アルティザ自由が丘,東京都世田谷区等々力６,20.7万円,https://suumo.jp/chintai/jnc_000103717452/?bc=100480180570
ヴィラフィオーレ,東京都世田谷区用賀２,21.4万円,https://suumo.jp/chintai/jnc_000103465663/?bc=100478129786
東急田園都市線 用賀駅 3階建 築37年,東京都世田谷区用賀２,21.4万円,https://suumo.jp/chintai/jnc_000103474017/?bc=100477809696
アガベ,東京都世田谷区南烏山６,15.35万円,https://suumo.jp/chintai/jnc_000103307345/?bc=100472450085
アガベ,東京都世田谷区南烏山６,15.35万円,https://suumo.jp/chintai/jnc_000103307346/?bc=100480158722
アガベ,東京都世田谷区南烏山６,15.35万円,https://suumo.jp/chintai/jnc_000103735099/?bc=100480182478
アガベ,東京都世田谷区南烏山６,15.45万円,https://suumo.jp/chintai/jnc_000103307347/?bc=100457708893
アガベ,東京都世田谷区南烏山６,15.45万円,https://suumo.jp/chintai/jnc_000103307350/?bc=100458629313
ＭＯＣＸＩＯＮ　ＫＹＯＤＯ,東京都世田谷区経堂３,11.2万円,https://suumo.jp/chintai/jnc_000102380116/?bc=100481178479
ＭＯＣＸＩＯＮ　ＫＹＯＤＯ,東京都世田谷区経堂３,12万円,https://suumo.jp/chintai/jnc_000102380120/?bc=100479742122
ＭＯＣＸＩＯＮ　ＫＹＯＤＯ,東京都世田谷区経堂３,16.5万円,https://suumo.jp/chintai/jnc_000102380117/?bc=100478448988
小田急線 経堂駅 3階建 新築,東京都世田谷区経堂３,11.2万円,https://suumo.jp/chintai/jnc_000102380124/?bc=100481068721
小田急線 経堂駅 3階建 新築,東京都世田谷区経堂３,12万円,https://suumo.jp/chintai/jnc_000102380128/?bc=100479877542
小田急線 経堂駅 3階建 新築,東京都世田谷区経堂３,12.2万円,https://suumo.jp/chintai/jnc_000102380130/?bc=100471142497
小田急線 経堂駅 3階建 新築,東京都世田谷区経堂３,16.5万円,https://suumo.jp/chintai/jnc_000102380125/?bc=100481069381
